-- --------------------------------------
-- Sim Chase
-- Made by hand by Laughing
-- This is the Aug 2016/2017 version
-- --------------------------------------
-- --------------------------------------
-- Holostation Base
-- --------------------------------------
SET @GUID = (SELECT IFNULL(MAX(`id`), 0) FROM `entity`);
INSERT INTO `entity` (`Id`, `Type`, `Creature`, `World`, `Area`, `X`, `Y`, `Z`, `RX`, `RY`, `RZ`, `DisplayInfo`, `Faction1`, `Faction2`) VALUES
(@GUID+1, 10, 71788, 22, 2193, -3301.317, -885.5147, -473.6589, -0.7200597,    0, 0, 27450, 219, 219),
(@GUID+2, 10, 71788, 22, 2193, -3307.111, -885.5147, -479.2369, -0.7853981,    0, 0, 27450, 219, 219),
(@GUID+3, 10, 71788, 51, 4959,  4076.27,  -793.801,  -2432.74,  -3.1415926536, 0, 0, 27450, 219, 219),
(@GUID+4, 10, 71788, 51, 4959,  4081.34,  -793.801,  -2432.72,  -3.1415926536, 0, 0, 27450, 219, 219);
-- --------------------------------------
-- Exchanger Krova - Mordesh Converter
-- --------------------------------------
SET @GUID = (SELECT IFNULL(MAX(`id`), 0) FROM `entity`);
INSERT INTO `entity` (`Id`, `Type`, `Creature`, `World`, `Area`, `X`, `Y`, `Z`, `RX`, `RY`, `RZ`, `DisplayInfo`, `OutfitInfo`, `Faction1`, `Faction2`) VALUES
(@GUID+1, 0, 73337, 22, 2193, -3301.317, -883.6865,  -473.6589, -0.7200596,,   0, 0, 36441, 9488, 219, 219),
(@GUID+2, 0, 73337, 51, 4959,  4076.27,  -791.9728, -2432.74,   -3.1415926536, 0, 0, 36441, 9488, 219, 219);
INSERT INTO `entity_stats` (`Id`, `Stat`, `Value`) VALUES
(@GUID+1,  0, 60500),
(@GUID+1, 10,    50),
(@GUID+2,  0, 60500),
(@GUID+2, 10,    50);
-- --------------------------------------
-- Trader Jonjo - Chua Vendor
-- --------------------------------------
SET @GUID = (SELECT IFNULL(MAX(`id`), 0) FROM `entity`);
INSERT INTO `entity` (`Id`, `Type`, `Creature`, `World`, `Area`, `X`, `Y`, `Z`, `RX`, `RY`, `RZ`, `DisplayInfo`, `OutfitInfo`, `Faction1`, `Faction2`) VALUES
(@GUID+1, 0, 73338, 22, 2193, -3307.111, -883.6865,  -479.2369, -0.7853981,    0, 0, 36339, 9491, 219, 219),
(@GUID+2, 0, 73338, 51, 4959,  4081.34,  -791.9728, -2432.72,   -3.1415926536, 0, 0, 36339, 9491, 219, 219);
INSERT INTO `entity_stats` (`Id`, `Stat`, `Value`) VALUES
(@GUID+1,  0,     1),
(@GUID+1, 10,    50),
(@GUID+2,  0,     1),
(@GUID+2, 10,    50);
INSERT INTO `entity_vendor` (`Id`, `BuyPriceMultiplier`, `SellPriceMultiplier`) VALUES
(@GUID+1, 1, 1),
(@GUID+2, 1, 1);
INSERT INTO `entity_vendor_category` (`Id`, `Index`, `LocalisedTextID`) VALUES
(@GUID+1, 1, 745458),
(@GUID+1, 2, 745457),
(@GUID+2, 1, 745458),
(@GUID+2, 2, 745457);
INSERT INTO `entity_vendor_item` (`Id`, `Index`, `CategoryIndex`, `ItemId`, `ExtraCost1ItemOrCurrencyId`, `ExtraCost1Quantity`, `ExtraCost1Type`, `ExtraCost2ItemOrCurrencyId`, `ExtraCost2Quantity`, `ExtraCost2Type`) VALUES
(@GUID+1,  1, 1, 21456, 86273,  20, 1, 0, 0, 0),
(@GUID+1,  2, 1, 90961, 86273,  20, 1, 0, 0, 0),
(@GUID+1,  3, 1, 90963, 86273,  20, 1, 0, 0, 0),
(@GUID+1,  4, 1, 90964, 86273,  20, 1, 0, 0, 0),
(@GUID+1,  5, 1, 90966, 86273,  20, 1, 0, 0, 0),
(@GUID+1,  6, 1, 90962, 86273,  40, 1, 0, 0, 0),
(@GUID+1,  7, 1, 90967, 86273,  40, 1, 0, 0, 0),
(@GUID+1,  8, 1, 90960, 86273,  60, 1, 0, 0, 0),
(@GUID+1,  9, 2, 90952, 86273,  20, 1, 0, 0, 0),
(@GUID+1, 10, 2, 90953, 86273,  20, 1, 0, 0, 0),
(@GUID+1, 11, 2, 90954, 86273,  20, 1, 0, 0, 0),
(@GUID+1, 12, 2, 90959, 86273,  20, 1, 0, 0, 0),
(@GUID+1, 13, 2, 90955, 86273,  40, 1, 0, 0, 0),
(@GUID+1, 14, 2, 90956, 86273,  40, 1, 0, 0, 0),
(@GUID+1, 15, 2, 90957, 86273,  40, 1, 0, 0, 0),
(@GUID+1, 16, 2, 90958, 86273,  60, 1, 0, 0, 0),
(@GUID+2,  1, 1, 21456, 86273,  20, 1, 0, 0, 0),
(@GUID+2,  2, 1, 90961, 86273,  20, 1, 0, 0, 0),
(@GUID+2,  3, 1, 90963, 86273,  20, 1, 0, 0, 0),
(@GUID+2,  4, 1, 90964, 86273,  20, 1, 0, 0, 0),
(@GUID+2,  5, 1, 90966, 86273,  20, 1, 0, 0, 0),
(@GUID+2,  6, 1, 90962, 86273,  40, 1, 0, 0, 0),
(@GUID+2,  7, 1, 90967, 86273,  40, 1, 0, 0, 0),
(@GUID+2,  8, 1, 90960, 86273,  60, 1, 0, 0, 0),
(@GUID+2,  9, 2, 90952, 86273,  20, 1, 0, 0, 0),
(@GUID+2, 10, 2, 90953, 86273,  20, 1, 0, 0, 0),
(@GUID+2, 11, 2, 90954, 86273,  20, 1, 0, 0, 0),
(@GUID+2, 12, 2, 90959, 86273,  20, 1, 0, 0, 0),
(@GUID+2, 13, 2, 90955, 86273,  40, 1, 0, 0, 0),
(@GUID+2, 14, 2, 90956, 86273,  40, 1, 0, 0, 0),
(@GUID+2, 15, 2, 90957, 86273,  40, 1, 0, 0, 0),
(@GUID+2, 16, 2, 90958, 86273,  60, 1, 0, 0, 0);
-- --------------------------------------
--  Laser Decoration - left
-- --------------------------------------
SET @GUID = (SELECT IFNULL(MAX(`id`), 0) FROM `entity`);
INSERT INTO `entity` (`Id`, `Type`, `Creature`, `World`, `Area`, `X`, `Y`, `Z`, `RX`, `RY`, `RZ`, `DisplayInfo`, `Faction1`, `Faction2`) VALUES
(@GUID+1, 0, 73339, 22, 2193,  -3297.009,      -885.5147,     -469.4606,   0.5938194, 0, 0, 21396, 219, 219),
(@GUID+2, 0, 73339, 22, 4157,  -3271.229,      -887.4646,     -494.9125,   0.7853981, 0, 0, 21396, 219, 219),
(@GUID+3, 0, 73339, 22, 2193,  -3306.239,      -885.5147,     -469.6227,  -0.5540307, 0, 0, 21396, 219, 219),
(@GUID+4, 0, 73339, 51, 0, 0, 1, 1, 1, 0, 0, 21396, 219, 219);
-- --------------------------------------
--  Laser Decoration - Right
-- --------------------------------------
SET @GUID = (SELECT IFNULL(MAX(`id`), 0) FROM `entity`);
INSERT INTO `entity` (`Id`, `Type`, `Creature`, `World`, `Area`, `X`, `Y`, `Z`, `RX`, `RY`, `RZ`, `DisplayInfo`, `Faction1`, `Faction2`) VALUES
(@GUID+1, 0, 73340, 22, 2193,  -3310.738,      -885.5148,   -474.0949,   1.887013,  0, 0, 21396, 219, 219),
(@GUID+2, 0, 73340, 22, 4957,  -3291.933,      -885.5147,   -474.4624,   0.8190786, 0, 0, 21396, 219, 219),
(@GUID+3, 0, 73340, 22, 4957,  -3312.7,        -885.5147,   -481.769,   -0.500161,  0, 0, 21396, 219, 219),
(@GUID+4, 0, 73340, 22, 4957,  -3283.119,      -887.4646,   -482.6721,   0.8794132,  0, 0, 21396, 219, 219),
(@GUID+5, 0, 73340, 51, 0, 0, 1, 1, 1, 0, 0, 21396, 219, 219);