-- --------------------------------------
-- Space Chase
-- Made by hand by Laughing
-- --------------------------------------
-- TODO: fix RX
-- --------------------------------------
-- Holostation Base
-- --------------------------------------
SET @GUID = (SELECT IFNULL(MAX(`id`), 0) FROM `entity`);
INSERT INTO `entity` (`Id`, `Type`, `Creature`, `World`, `Area`, `X`, `Y`, `Z`, `RX`, `RY`, `RZ`, `DisplayInfo`, `Faction1`, `Faction2`) VALUES
(@GUID+1, 10, 71788, 22, 2193, -3347.51, -887.465,  -520.801, 0.708009, 0, 0, 27450, 219, 219),
(@GUID+2, 10, 71788, 22, 2193, -3353.48, -887.465,  -514.203, 0.708009, 0, 0, 27450, 219, 219),
(@GUID+3, 10, 71788, 51, 4959, 0, 0, 0, -3.1415926536, 0, 0, 27450, 219, 219),
(@GUID+4, 10, 71788, 51, 4959, 0, 0, 0, -3.1415926536, 0, 0, 27450, 219, 219);
-- --------------------------------------
-- Exchanger Beno - Ekose
-- --------------------------------------
SET @GUID = (SELECT IFNULL(MAX(`id`), 0) FROM `entity`);
INSERT INTO `entity` (`Id`, `Type`, `Creature`, `World`, `Area`, `X`, `Y`, `Z`, `RX`, `RY`, `RZ`, `DisplayInfo`, `Faction1`, `Faction2`) VALUES
(@GUID+1, 0, 73165, 22, 2193, -3347.51, -885.6368,  -520.801, 0.708009, 0, 0, 28895, 219, 219),
(@GUID+2, 0, 73165, 51, 4959, 0, 0, 0, -3.1415926536, 0, 0, 28895, 219, 219);
INSERT INTO `entity_stats` (`Id`, `Stat`, `Value`) VALUES
(@GUID+1,  0, 60500),
(@GUID+1, 10,    50),
(@GUID+2,  0, 60500),
(@GUID+2, 10,    50);
-- --------------------------------------
-- Collector Torio - Ekose
-- --------------------------------------
SET @GUID = (SELECT IFNULL(MAX(`id`), 0) FROM `entity`);
INSERT INTO `entity` (`Id`, `Type`, `Creature`, `World`, `Area`, `X`, `Y`, `Z`, `RX`, `RY`, `RZ`, `DisplayInfo`, `Faction1`, `Faction2`) VALUES
(@GUID+1, 0, 73166, 22, 2193, -3353.48, -885.6368,  -514.203, 0.708009, 0, 0, 28896, 219, 219),
(@GUID+2, 0, 73166, 51, 4959, 0, 0, 0, -3.1415926536, 0, 0, 28896, 219, 219);
INSERT INTO `entity_stats` (`Id`, `Stat`, `Value`) VALUES
(@GUID+1,  0, 60500),
(@GUID+1, 10,    50),
(@GUID+2,  0, 60500),
(@GUID+2, 10,    50);
INSERT INTO `entity_vendor` (`Id`, `BuyPriceMultiplier`, `SellPriceMultiplier`) VALUES
(@GUID+1, 1, 1),
(@GUID+2, 1, 1);
INSERT INTO `entity_vendor_category` (`Id`, `Index`, `LocalisedTextID`) VALUES
(@GUID+1, 1, 743756),
(@GUID+1, 2, 743757),
(@GUID+1, 3, 743758),
(@GUID+2, 1, 743756),
(@GUID+2, 2, 743757),
(@GUID+2, 3, 743758);
INSERT INTO `entity_vendor_item` (`Id`, `Index`, `CategoryIndex`, `ItemId`, `ExtraCost1ItemOrCurrencyId`, `ExtraCost1Quantity`, `ExtraCost1Type`, `ExtraCost2ItemOrCurrencyId`, `ExtraCost2Quantity`, `ExtraCost2Type`) VALUES
(@GUID+1,  1, 1, 85848, 86011,  20, 1, 0, 0, 0),
(@GUID+1,  2, 1, 85851, 86011,  20, 1, 0, 0, 0),
(@GUID+1,  3, 1, 85854, 86011,  20, 1, 0, 0, 0),
(@GUID+1,  4, 1, 85858, 86011,  20, 1, 0, 0, 0),
(@GUID+1,  5, 1, 85837, 86011,  40, 1, 0, 0, 0),
(@GUID+1,  6, 1, 85840, 86011,  40, 1, 0, 0, 0),
(@GUID+1,  7, 1, 85845, 86011,  40, 1, 0, 0, 0),
(@GUID+1,  8, 1, 85830, 86011,  60, 1, 0, 0, 0),
(@GUID+1,  9, 1, 85832, 86011,  60, 1, 0, 0, 0),
(@GUID+1, 10, 1, 85836, 86011,  60, 1, 0, 0, 0),
(@GUID+1, 11, 2, 85846, 86011,  20, 1, 0, 0, 0),
(@GUID+1, 12, 2, 85849, 86011,  20, 1, 0, 0, 0),
(@GUID+1, 13, 2, 85850, 86011,  20, 1, 0, 0, 0),
(@GUID+1, 14, 2, 85853, 86011,  20, 1, 0, 0, 0),
(@GUID+1, 15, 2, 85856, 86011,  20, 1, 0, 0, 0),
(@GUID+1, 16, 2, 85839, 86011,  40, 1, 0, 0, 0),
(@GUID+1, 17, 2, 85842, 86011,  40, 1, 0, 0, 0),
(@GUID+1, 18, 2, 85843, 86011,  40, 1, 0, 0, 0),
(@GUID+1, 19, 2, 85829, 86011,  60, 1, 0, 0, 0),
(@GUID+1, 20, 2, 85834, 86011,  60, 1, 0, 0, 0),
(@GUID+1, 21, 3, 85847, 86011,  20, 1, 0, 0, 0),
(@GUID+1, 22, 3, 85852, 86011,  20, 1, 0, 0, 0),
(@GUID+1, 23, 3, 85855, 86011,  20, 1, 0, 0, 0),
(@GUID+1, 24, 3, 85857, 86011,  20, 1, 0, 0, 0),
(@GUID+1, 25, 3, 85838, 86011,  40, 1, 0, 0, 0),
(@GUID+1, 26, 3, 85841, 86011,  40, 1, 0, 0, 0),
(@GUID+1, 27, 3, 85844, 86011,  40, 1, 0, 0, 0),
(@GUID+1, 28, 3, 85831, 86011,  60, 1, 0, 0, 0),
(@GUID+1, 29, 3, 85833, 86011,  60, 1, 0, 0, 0),
(@GUID+1, 30, 3, 85835, 86011,  60, 1, 0, 0, 0),
(@GUID+2,  1, 1, 85848, 86011,  20, 1, 0, 0, 0),
(@GUID+2,  2, 1, 85851, 86011,  20, 1, 0, 0, 0),
(@GUID+2,  3, 1, 85854, 86011,  20, 1, 0, 0, 0),
(@GUID+2,  4, 1, 85858, 86011,  20, 1, 0, 0, 0),
(@GUID+2,  5, 1, 85837, 86011,  40, 1, 0, 0, 0),
(@GUID+2,  6, 1, 85840, 86011,  40, 1, 0, 0, 0),
(@GUID+2,  7, 1, 85845, 86011,  40, 1, 0, 0, 0),
(@GUID+2,  8, 1, 85830, 86011,  60, 1, 0, 0, 0),
(@GUID+2,  9, 1, 85832, 86011,  60, 1, 0, 0, 0),
(@GUID+2, 10, 1, 85836, 86011,  60, 1, 0, 0, 0),
(@GUID+2, 11, 2, 85846, 86011,  20, 1, 0, 0, 0),
(@GUID+2, 12, 2, 85849, 86011,  20, 1, 0, 0, 0),
(@GUID+2, 13, 2, 85850, 86011,  20, 1, 0, 0, 0),
(@GUID+2, 14, 2, 85853, 86011,  20, 1, 0, 0, 0),
(@GUID+2, 15, 2, 85856, 86011,  20, 1, 0, 0, 0),
(@GUID+2, 16, 2, 85839, 86011,  40, 1, 0, 0, 0),
(@GUID+2, 17, 2, 85842, 86011,  40, 1, 0, 0, 0),
(@GUID+2, 18, 2, 85843, 86011,  40, 1, 0, 0, 0),
(@GUID+2, 19, 2, 85829, 86011,  60, 1, 0, 0, 0),
(@GUID+2, 20, 2, 85834, 86011,  60, 1, 0, 0, 0),
(@GUID+2, 21, 3, 85847, 86011,  20, 1, 0, 0, 0),
(@GUID+2, 22, 3, 85852, 86011,  20, 1, 0, 0, 0),
(@GUID+2, 23, 3, 85855, 86011,  20, 1, 0, 0, 0),
(@GUID+2, 24, 3, 85857, 86011,  20, 1, 0, 0, 0),
(@GUID+2, 25, 3, 85838, 86011,  40, 1, 0, 0, 0),
(@GUID+2, 26, 3, 85841, 86011,  40, 1, 0, 0, 0),
(@GUID+2, 27, 3, 85844, 86011,  40, 1, 0, 0, 0),
(@GUID+2, 28, 3, 85831, 86011,  60, 1, 0, 0, 0),
(@GUID+2, 29, 3, 85833, 86011,  60, 1, 0, 0, 0),
(@GUID+2, 30, 3, 85835, 86011,  60, 1, 0, 0, 0);
-- --------------------------------------
--  Laser Decoration - left
-- --------------------------------------
SET @GUID = (SELECT IFNULL(MAX(`id`), 0) FROM `entity`);
INSERT INTO `entity` (`Id`, `Type`, `Creature`, `World`, `Area`, `X`, `Y`, `Z`, `RX`, `RY`, `RZ`, `DisplayInfo`, `Faction1`, `Faction2`) VALUES
(@GUID+1, 0, 73211, 22, 4957, -3348.65, -887.465, -517.163, 0.763676, 0, 0, 21396, 219, 219),
(@GUID+2, 0, 73211, 22, 4957, -3345.18, -887.465, -520.912, 0.763676, 0, 0, 21396, 219, 219),
(@GUID+3, 0, 73211, 22, 4957, -3341.51, -887.465, -520.089, 0.763676, 0, 0, 21396, 219, 219),
(@GUID+4, 0, 73211, 51, 4959, 0, 0, 1, 1, 1, 0, 21396, 219, 219),
(@GUID+5, 0, 73211, 51, 4959, 0, 0, 1, 1, 1, 0, 21396, 219, 219),
(@GUID+6, 0, 73211, 51, 4959, 0, 0, 1, 1, 1, 0, 21396, 219, 219);
-- --------------------------------------
--  Laser Decoration - Right
-- --------------------------------------
SET @GUID = (SELECT IFNULL(MAX(`id`), 0) FROM `entity`);
INSERT INTO `entity` (`Id`, `Type`, `Creature`, `World`, `Area`, `X`, `Y`, `Z`, `RX`, `RY`, `RZ`, `DisplayInfo`,  `Faction1`, `Faction2`) VALUES
(@GUID+1, 0, 73212, 22, 4957, -3350.25, -887.465, -515.017, 0.763676, 0, 0, 21396, 219, 219),
(@GUID+2, 0, 73212, 22, 4957, -3354.1,  -887.465, -510.337, 0.763676, 0, 0, 21396, 219, 219),
(@GUID+3, 0, 73212, 22, 4957, -3354.41, -887.465, -507.8,   0.763676, 0, 0, 21396, 219, 219),
(@GUID+4, 0, 73212, 51, 4959, 0, 0, 1, 1, 1, 0, 21396, 219, 219),
(@GUID+5, 0, 73212, 51, 4959, 0, 0, 1, 1, 1, 0, 21396, 219, 219),
(@GUID+6, 0, 73212, 51, 4959, 0, 0, 1, 1, 1, 0, 21396, 219, 219);
