-- --------------------------------------
-- Winterfest
-- Made by hand by Laughing
-- --------------------------------------
SET @WORLD = 22;
SET @WORLD = 51;
-- --------------------------------------
-- Galactic Shopper
-- --------------------------------------
SET @GUID = (SELECT IFNULL(MAX(`id`), 0) FROM `entity`);
INSERT INTO `entity` (`Id`, `Type`, `Creature`, `World`, `Area`, `X`, `Y`, `Z`, `RX`, `RY`, `RZ`, `DisplayInfo`, `OutfitInfo`, `Faction1`, `Faction2`, `QuestChecklistIdx`) VALUES
    (@GUID+1, 10, 47757, @WORLD, 122, 3849.765, -842.8383, -1961.959, 1.089612, 0, 0, 27523, 9020, 171, 171, 19),
    (@GUID+2, 10, 47757, @WORLD, 2545, 3721.424, -843.8209, -1978.561, -1.589488, 0, 0, 27523, 9020, 171, 171, 13),
    (@GUID+3, 10, 47757, @WORLD, 122, 3837.185, -842.8383, -1877.04, -0.9649777, 0, 0, 31452, 9020, 171, 171, 25),
    (@GUID+4, 10, 47757, @WORLD, 2554, 3970.204, -842.8383, -1786.86, 0.4739432, 0, 0, 31452, 9020, 171, 171, 23),
    (@GUID+5, 10, 47757, @WORLD, 122, 4007.534, -842.8383, -1767.58, -3.035309, 0, 0, 27513, 9020, 171, 171, 9),
    (@GUID+6, 10, 47757, @WORLD, 2554, 3938.399, -842.8383, -1808.222, -0.9716893, 0, 0, 31019, 9020, 171, 171, 19),
    (@GUID+7, 10, 47757, @WORLD, 2554, 3813.311, -842.8383, -1678.36, -0.3141194, 0, 0, 25987, 9020, 171, 171, 10),
    (@GUID+8, 10, 47757, @WORLD, 2554, 3812.483, -842.8383, -1682.508, -2.356061, 0, 0, 27513, 9020, 171, 171, 11),
    (@GUID+9, 10, 47757, @WORLD, 2554, 3921.173, -842.8383, -1737.159, -2.608303, 0, 0, 27513, 9020, 171, 171, 12),
(@GUID+10, 10, 47757, 51, 137, 3815.049, -864.8051, -1481.19, 2.213496, 0, 0, 27523, 9020, 171, 171, 24);
-- --------------------------------------
-- Galactic Shopper
-- --------------------------------------
SET @GUID = (SELECT IFNULL(MAX(`id`), 0) FROM `entity`);
INSERT INTO `entity` (`Id`, `Type`, `Creature`, `World`, `Area`, `X`, `Y`, `Z`, `RX`, `RY`, `RZ`, `DisplayInfo`, `OutfitInfo`, `Faction1`, `Faction2`, `QuestChecklistIdx`) VALUES
    (@GUID+1, 10, 47758, @WORLD, 2545, 3780.485, -839.3317, -1958.095, -2.351729, 0, 0, 31465, 9020, 171, 171, 24),
    (@GUID+2, 10, 47758, @WORLD, 122, 3837.896, -842.8383, -1909.422, 1.021614, 0, 0, 26327, 9020, 171, 171, 23),
    (@GUID+3, 10, 47758, @WORLD, 2554, 3892.914, -842.8383, -1881.351, 0.537415, 0, 0, 26113, 9020, 171, 171, 18),
    (@GUID+4, 10, 47758, @WORLD, 122, 4038.932, -828.9286, -1866.547, 1.605201, 0, 0, 31462, 9020, 171, 171, 13),
    (@GUID+5, 10, 47758, @WORLD, 2554, 3992.842, -842.8383, -1795.74, 0.2092888, 0, 0, 27196, 9020, 171, 171, 25),
    (@GUID+6, 10, 47758, @WORLD, 2554, 3958.12, -842.8214, -1804.74, 2.889445, 0, 0, 27196, 9020, 171, 171, 25),
    (@GUID+7, 10, 47758, @WORLD, 2554, 3911.779, -842.8383, -1845.75, 1.193458, 0, 0, 26118, 9020, 171, 171, 5),
    (@GUID+8, 10, 47758, @WORLD, 2545, 3704.227, -843.0117, -1846.223, -3.141593, 0, 0, 26113, 9020, 171, 171, 9),
    (@GUID+9, 10, 47758, @WORLD, 122, 3750.93, -842.801, -1674.936, -2.099497, 0, 0, 26113, 9020, 171, 171, 6),
    (@GUID+10, 10, 47758, @WORLD, 2554, 3875.563, -842.7941, -1767.156, 1.815181, 0, 0, 26118, 9020, 171, 171, 0),
    (@GUID+11, 10, 47758, @WORLD, 2554, 3847.935, -842.6611, -1726.767, -0.09697328, 0, 0, 31465, 9020, 171, 171, 16),
    (@GUID+12, 10, 47758, @WORLD, 122, 3834.991, -858.5887, -1597.199, -0.8463064, 0, 0, 26113, 9020, 171, 171, 4),
    (@GUID+13, 10, 47758, @WORLD, 2554, 3951.015, -841.3397, -1760.026, 2.060843, 0, 0, 31465, 9020, 171, 171, 15),
    (@GUID+14, 10, 47758, @WORLD, 2554, 3922.094, -842.8383, -1734.712, 0.2923158, 0, 0, 26118, 9020, 171, 171, 13),
(@GUID+15, 10, 47758, 51, 137, 3915.281, -880.0991, -1446.084, -1.470538, 0, 0, 26113, 9020, 171, 171, 14);
-- --------------------------------------
-- Galactic Shopper
-- --------------------------------------
SET @GUID = (SELECT IFNULL(MAX(`id`), 0) FROM `entity`);
INSERT INTO `entity` (`Id`, `Type`, `Creature`, `World`, `Area`, `X`, `Y`, `Z`, `RX`, `RY`, `RZ`, `DisplayInfo`, `OutfitInfo`, `Faction1`, `Faction2`, `QuestChecklistIdx`) VALUES
    (@GUID+1, 10, 47759, @WORLD, 2545, 3749.506, -843.7098, -1997.451, 0.8257878, 0, 0, 30723, 8473, 171, 171, 15),
    (@GUID+2, 10, 47759, @WORLD, 2554, 3856.811, -842.8383, -1896.852, -0.6492357, 0, 0, 25848, 8824, 171, 171, 16),
    (@GUID+3, 10, 47759, @WORLD, 122, 3836.875, -842.8383, -1865.822, -2.162091, 0, 0, 33540, 9001, 171, 171, 27),
    (@GUID+4, 10, 47759, @WORLD, 2547, 4172.09, -800.7119, -1866.525, -3.141593, 0, 0, 33540, 8824, 171, 171, 14),
    (@GUID+5, 10, 47759, @WORLD, 122, 4031.964, -823.8679, -1734.38, -0.7561952, 0, 0, 30918, 8958, 171, 171, 6),
    (@GUID+6, 10, 47759, @WORLD, 2554, 3932.89, -842.8383, -1855.653, -2.95694, 0, 0, 25848, 8958, 171, 171, 29),
    (@GUID+7, 10, 47759, @WORLD, 2554, 3939.44, -842.8383, -1840.471, 0.008086151, 0, 0, 33540, 8473, 171, 171, 9),
    (@GUID+8, 10, 47759, @WORLD, 2554, 3891.531, -842.8383, -1841.877, 0.03552738, 0, 0, 26198, 8473, 171, 171, 16),
    (@GUID+9, 10, 47759, @WORLD, 2554, 3886.384, -846.598, -1711.263, 1.515863, 0, 0, 26198, 9001, 171, 171, 25),
    (@GUID+10, 10, 47759, @WORLD, 122, 4010.623, -822.2501, -1704.235, -2.744843, 0, 0, 30721, 9689, 171, 171, 9),
    (@GUID+11, 10, 47759, @WORLD, 122, 4008.662, -823.3472, -1706.135, -2.295518, 0, 0, 26198, 9862, 171, 171, 7),
    (@GUID+13, 10, 47759, @WORLD, 3015, 4049.937, -821.6116, -1668.065, -1.841819, 0, 0, 26341, 9001, 171, 171, 1);
-- --------------------------------------
-- Galactic Shopper
-- --------------------------------------
SET @GUID = (SELECT IFNULL(MAX(`id`), 0) FROM `entity`);
INSERT INTO `entity` (`Id`, `Type`, `Creature`, `World`, `Area`, `X`, `Y`, `Z`, `RX`, `RY`, `RZ`, `DisplayInfo`, `OutfitInfo`, `Faction1`, `Faction2`, `QuestChecklistIdx`) VALUES
    (@GUID+1, 10, 47762, @WORLD, 122, 3834.714, -842.8383, -1985.366, -2.422569, 0, 0, 31056, 9689, 171, 171, 27),
    (@GUID+2, 10, 47762, @WORLD, 2545, 3747.759, -843.9053, -2000.474, -2.601471, 0, 0, 30886, 7690, 171, 171, 16),
    (@GUID+3, 10, 47762, @WORLD, 122, 3814.719, -842.8172, -1959.322, 1.029774, 0, 0, 25871, 9862, 171, 171, 17),
    (@GUID+4, 10, 47762, @WORLD, 122, 3812.09, -842.7781, -1960.993, -2.166193, 0, 0, 31059, 8358, 171, 171, 18),
    (@GUID+5, 10, 47762, @WORLD, 2554, 3867.348, -842.8383, -1917.041, -2.756652, 0, 0, 25882, 9862, 171, 171, 11),
    (@GUID+6, 10, 47762, @WORLD, 2554, 3875.315, -842.8383, -1875.268, 2.575228, 0, 0, 33541, 9001, 171, 171, 17),
    (@GUID+7, 10, 47762, @WORLD, 4408, 3742.991, -842.2679, -1691.804, -1.352751, 0, 0, 25871, 8358, 171, 171, 4),
    (@GUID+8, 10, 47762, @WORLD, 2554, 3884.879, -858.5887, -1683.1, 2.202515, 0, 0, 25871, 8787, 171, 171, 22),
    (@GUID+9, 10, 47762, @WORLD, 2554, 3848.129, -842.5963, -1730.097, 3.078243, 0, 0, 31040, 9690, 171, 171, 17),
    (@GUID+10, 10, 47762, @WORLD, 2554, 3863.418, -842.8383, -1767.518, -2.671008, 0, 0, 25882, 9862, 171, 171, 28),
    (@GUID+11, 10, 47762, @WORLD, 2554, 3960.057, -842.8364, -1707.101, 0.5844502, 0, 0, 31056, 9862, 171, 171, 1);
-- --------------------------------------
-- Galactic Shopper
-- --------------------------------------
SET @GUID = (SELECT IFNULL(MAX(`id`), 0) FROM `entity`);
INSERT INTO `entity` (`Id`, `Type`, `Creature`, `World`, `Area`, `X`, `Y`, `Z`, `RX`, `RY`, `RZ`, `DisplayInfo`, `OutfitInfo`, `Faction1`, `Faction2`, `QuestChecklistIdx`) VALUES
    (@GUID+1, 10, 47763, @WORLD, 122, 3859.006, -842.8344, -1941.937, -2.989724, 0, 0, 33468, 9814, 171, 171, 13),
    (@GUID+2, 10, 47763, @WORLD, 2554, 3891.729, -842.8383, -1883.549, -2.632008, 0, 0, 32569, 9830, 171, 171, 19),
    (@GUID+3, 10, 47763, @WORLD, 2554, 3894.914, -842.8383, -1859.108, 1.732682, 0, 0, 30697, 9737, 171, 171, 19),
    (@GUID+4, 10, 47763, @WORLD, 2554, 4027.817, -828.8378, -1908.218, -1.712541, 0, 0, 30697, 9830, 171, 171, 11),
    (@GUID+5, 10, 47763, @WORLD, 2554, 3918.841, -842.8179, -1805.631, 1.360813, 0, 0, 27094, 9775, 171, 171, 29),
    (@GUID+6, 10, 47763, @WORLD, 2554, 3864.016, -842.7422, -1716.772, -2.71118, 0, 0, 31477, 9830, 171, 171, 15),
    (@GUID+7, 10, 47763, @WORLD, 2554, 3841.559, -842.8383, -1709.415, 0.4870016, 0, 0, 33536, 9780, 171, 171, 13);
-- --------------------------------------
-- Galactic Shopper
-- --------------------------------------
SET @GUID = (SELECT IFNULL(MAX(`id`), 0) FROM `entity`);
INSERT INTO `entity` (`Id`, `Type`, `Creature`, `World`, `Area`, `X`, `Y`, `Z`, `RX`, `RY`, `RZ`, `DisplayInfo`, `OutfitInfo`, `Faction1`, `Faction2`, `QuestChecklistIdx`) VALUES
    (@GUID+1, 10, 47764, @WORLD, 122, 3917.461, -832.6158, -1933.368, -1.852622, 0, 0, 30154, 9780, 171, 171, 14),
    (@GUID+2, 10, 47764, @WORLD, 2554, 3859.729, -842.8383, -1899.056, 1.724353, 0, 0, 31418, 9855, 171, 171, 15),
    (@GUID+3, 10, 47764, @WORLD, 2554, 3968.31, -842.8383, -1812.932, 0.4883813, 0, 0, 31418, 9780, 171, 171, 28),
    (@GUID+4, 10, 47764, @WORLD, 2554, 3968.784, -842.8383, -1789.553, -2.688229, 0, 0, 30154, 9845, 171, 171, 22),
    (@GUID+5, 10, 47764, @WORLD, 2554, 3966.166, -842.8383, -1852.365, 0.04488554, 0, 0, 30154, 9757, 171, 171, 21),
    (@GUID+6, 10, 47764, @WORLD, 2554, 3898.219, -842.8383, -1835.514, 1.549825, 0, 0, 29873, 9757, 171, 171, 15),
    (@GUID+7, 10, 47764, @WORLD, 2554, 3888.054, -842.8383, -1760.117, -3.141593, 0, 0, 29840, 9867, 171, 171, 2),
    (@GUID+8, 10, 47764, @WORLD, 2554, 3886.212, -842.8383, -1757.335, -0.9245402, 0, 0, 32572, 9764, 171, 171, 4),
    (@GUID+9, 10, 47764, 51, 137, 3870.604, -880.8693, -1422.479, 0.5324607, 0, 0, 32574, 9780, 171, 171, 22),
    (@GUID+10, 10, 47764, 51, 137, 3867.381, -864.7139, -1471.072, -3.017987, 0, 0, 32574, 9751, 171, 171, 12);
-- --------------------------------------
-- Galactic Shopper
-- --------------------------------------
SET @GUID = (SELECT IFNULL(MAX(`id`), 0) FROM `entity`);
INSERT INTO `entity` (`Id`, `Type`, `Creature`, `World`, `Area`, `X`, `Y`, `Z`, `RX`, `RY`, `RZ`, `DisplayInfo`, `OutfitInfo`, `Faction1`, `Faction2`, `QuestChecklistIdx`) VALUES
    (@GUID+1, 10, 47765, @WORLD, 122, 3849.489, -842.8383, -1968.106, 0.9996952, 0, 0, 30648, 8179, 171, 171, 20),
    (@GUID+2, 10, 47765, @WORLD, 122, 3836.417, -842.8383, -1912.62, -3.141593, 0, 0, 30962, 8179, 171, 171, 24),
    (@GUID+3, 10, 47765, @WORLD, 2554, 4002.808, -828.3531, -1884.081, 1.507368, 0, 0, 33573, 9480, 171, 171, 8),
    (@GUID+4, 10, 47765, @WORLD, 122, 4046.138, -819.7594, -1742.743, -1.699297, 0, 0, 33573, 10214, 171, 171, 27),
    (@GUID+5, 10, 47765, @WORLD, 2554, 3992.557, -842.8383, -1798.714, -3.016294, 0, 0, 33572, 7829, 171, 171, 24),
    (@GUID+6, 10, 47765, @WORLD, 2554, 3966.152, -842.8383, -1814.766, -1.845964, 0, 0, 30962, 10214, 171, 171, 27),
    (@GUID+7, 10, 47765, @WORLD, 2554, 3895.475, -842.8383, -1835.468, -1.435355, 0, 0, 31150, 10214, 171, 171, 14),
    (@GUID+8, 10, 47765, @WORLD, 2554, 3873.21, -842.7938, -1766.599, -1.385968, 0, 0, 33572, 10214, 171, 171, 1),
    (@GUID+9, 10, 47765, @WORLD, 2554, 3956.748, -842.8383, -1707.825, -1.204838, 0, 0, 32765, 9623, 171, 171, 0),
    (@GUID+10, 10, 47765, @WORLD, 2554, 3935.604, -858.4637, -1654.955, 0.6166146, 0, 0, 29239, 9482, 171, 171, 27),
    (@GUID+11, 10, 47765, @WORLD, 3015, 4077.012, -817.5702, -1638.558, -0.8863968, 0, 0, 33572, 9481, 171, 171, 4),
    (@GUID+12, 10, 47765, 51, 137, 3920.853, -878.8589, -1413.537, 1.016556, 0, 0, 29239, 9480, 171, 171, 20),
    (@GUID+13, 10, 47765, 51, 137, 3919.129, -879.818, -1444.083, 0.6683338, 0, 0, 30648, 9447, 171, 171, 15);
-- --------------------------------------
-- Galactic Shopper
-- --------------------------------------
SET @GUID = (SELECT IFNULL(MAX(`id`), 0) FROM `entity`);
INSERT INTO `entity` (`Id`, `Type`, `Creature`, `World`, `Area`, `X`, `Y`, `Z`, `RX`, `RY`, `RZ`, `DisplayInfo`, `OutfitInfo`, `Faction1`, `Faction2`, `QuestChecklistIdx`) VALUES
    (@GUID+1, 10, 47766, @WORLD, 122, 3815.176, -842.7977, -1918.347, -1.034182, 0, 0, 30996, 10214, 171, 171, 18),
    (@GUID+2, 10, 47766, @WORLD, 2554, 3856.488, -842.8383, -1900.57, -2.514282, 0, 0, 30863, 8176, 171, 171, 17),
    (@GUID+3, 10, 47766, @WORLD, 2554, 3892.349, -842.8383, -1858.779, -1.492322, 0, 0, 30878, 9085, 171, 171, 18),
    (@GUID+4, 10, 47766, @WORLD, 2554, 3959.645, -842.8383, -1901.408, -0.01702642, 0, 0, 30996, 9171, 171, 171, 13),
    (@GUID+5, 10, 47766, @WORLD, 2554, 4000.738, -828.3881, -1886.203, -3.141593, 0, 0, 33581, 9494, 171, 171, 7),
    (@GUID+6, 10, 47766, @WORLD, 122, 4036.069, -828.9335, -1866.469, -1.618484, 0, 0, 33581, 7829, 171, 171, 12),
    (@GUID+7, 10, 47766, @WORLD, 122, 4104.303, -817.8374, -1809.732, -1.632496, 0, 0, 30188, 8179, 171, 171, 20),
    (@GUID+8, 10, 47766, @WORLD, 122, 4108.409, -817.8374, -1809.162, 1.626515, 0, 0, 33579, 9623, 171, 171, 19),
    (@GUID+9, 10, 47766, @WORLD, 122, 4035.942, -823.2217, -1735.252, 1.346978, 0, 0, 30863, 9085, 171, 171, 5),
    (@GUID+10, 10, 47766, @WORLD, 2554, 3968.735, -842.8383, -1816.009, 2.412851, 0, 0, 29947, 9481, 171, 171, 29),
    (@GUID+11, 10, 47766, @WORLD, 2554, 3979.282, -842.8383, -1851.335, 0.5597044, 0, 0, 30878, 9447, 171, 171, 1),
    (@GUID+12, 10, 47766, @WORLD, 2554, 3947.707, -842.6011, -1821.086, -1.537958, 0, 0, 33580, 9447, 171, 171, 22),
    (@GUID+13, 10, 47766, @WORLD, 2554, 3943.029, -842.8383, -1805.241, 2.963668, 0, 0, 29947, 9481, 171, 171, 20),
    (@GUID+14, 10, 47766, @WORLD, 2554, 3966.037, -842.8383, -1855.591, -3.141593, 0, 0, 30188, 9447, 171, 171, 20),
    (@GUID+15, 10, 47766, @WORLD, 2554, 3906.432, -842.8383, -1823.269, -0.6984574, 0, 0, 30863, 8179, 171, 171, 13),
    (@GUID+16, 10, 47766, @WORLD, 2554, 3950.883, -842.8383, -1833.609, 2.436745, 0, 0, 30029, 9623, 171, 171, 1),
    (@GUID+17, 10, 47766, @WORLD, 2554, 3935.288, -842.8383, -1792.158, 3.08414, 0, 0, 30863, 8179, 171, 171, 4),
    (@GUID+18, 10, 47766, @WORLD, 2554, 3891.206, -842.8383, -1844.435, -3.141593, 0, 0, 30878, 9480, 171, 171, 17),
    (@GUID+19, 10, 47766, @WORLD, 122, 3754.733, -842.8383, -1676.003, 2.378232, 0, 0, 33580, 9447, 171, 171, 7),
    (@GUID+20, 10, 47766, @WORLD, 2554, 3836.904, -842.8383, -1743.987, -2.933691, 0, 0, 29947, 9482, 171, 171, 6),
    (@GUID+21, 10, 47766, @WORLD, 2554, 3883.344, -846.6097, -1711.705, -1.819853, 0, 0, 33581, 9171, 171, 171, 24),
    (@GUID+22, 10, 47766, @WORLD, 122, 3894.008, -851.6129, -1551.72, -0.5035883, 0, 0, 33581, 9447, 171, 171, 6),
    (@GUID+23, 10, 47766, @WORLD, 2554, 3954.02, -842.8383, -1782.405, -1.14266, 0, 0, 29947, 7829, 171, 171, 6),
    (@GUID+24, 10, 47766, @WORLD, 3015, 4089.008, -822.2126, -1615.739, -3.141593, 0, 0, 33581, 9447, 171, 171, 5),
    (@GUID+25, 10, 47766, @WORLD, 3015, 3951.817, -858.5887, -1583.21, 2.853411, 0, 0, 31227, 10214, 171, 171, 29);
-- --------------------------------------
-- Galactic Shopper
-- --------------------------------------
SET @GUID = (SELECT IFNULL(MAX(`id`), 0) FROM `entity`);
INSERT INTO `entity` (`Id`, `Type`, `Creature`, `World`, `Area`, `X`, `Y`, `Z`, `RX`, `RY`, `RZ`, `DisplayInfo`, `OutfitInfo`, `Faction1`, `Faction2`, `QuestChecklistIdx`) VALUES
    (@GUID+1, 10, 47767, @WORLD, 122, 3843.538, -842.8383, -1960.1, 0.06368061, 0, 0, 27619, 0, 171, 171, 22),
    (@GUID+2, 10, 47767, @WORLD, 122, 3836.61, -842.8383, -1983.154, 0.7590066, 0, 0, 27619, 0, 171, 171, 26),
    (@GUID+3, 10, 47767, @WORLD, 2545, 3724.657, -843.2701, -1980.433, 2.674916, 0, 0, 27619, 0, 171, 171, 12),
    (@GUID+4, 10, 47767, @WORLD, 122, 3817.291, -842.8383, -1918.964, 1.963595, 0, 0, 27619, 0, 171, 171, 19),
    (@GUID+5, 10, 47767, @WORLD, 122, 3828.099, -842.751, -1899.991, 0.4758888, 0, 0, 27619, 0, 171, 171, 20),
    (@GUID+6, 10, 47767, @WORLD, 122, 3839.24, -842.8383, -1879.399, 2.479743, 0, 0, 27619, 0, 171, 171, 26),
    (@GUID+7, 10, 47767, @WORLD, 2554, 3947.205, -842.8383, -1857.514, 2.944978, 0, 0, 27619, 0, 171, 171, 3),
    (@GUID+8, 10, 47767, @WORLD, 2554, 4007.1, -828.2069, -1888.643, -0.8102238, 0, 0, 27619, 0, 171, 171, 9),
    (@GUID+9, 10, 47767, @WORLD, 122, 4068.37, -815.5732, -1800.926, -2.323749, 0, 0, 27619, 0, 171, 171, 25),
    (@GUID+10, 10, 47767, @WORLD, 2554, 3932.028, -842.8383, -1836.018, 0.02328478, 0, 0, 27619, 0, 171, 171, 3),
    (@GUID+11, 10, 47767, @WORLD, 2554, 3951.227, -842.6086, -1820.385, 0.8219563, 0, 0, 27619, 0, 171, 171, 23),
    (@GUID+12, 10, 47767, @WORLD, 2554, 3816.003, -842.8383, -1681.123, 1.83361, 0, 0, 27619, 0, 171, 171, 9),
    (@GUID+13, 10, 47767, @WORLD, 2554, 3891.212, -842.8383, -1769.455, -2.828951, 0, 0, 27619, 0, 171, 171, 5),
    (@GUID+14, 10, 47767, @WORLD, 2554, 3865.073, -858.5887, -1661.613, 3.092058, 0, 0, 27619, 0, 171, 171, 29),
    (@GUID+15, 10, 47767, @WORLD, 2554, 3861.506, -842.8383, -1784.08, -3.141593, 0, 0, 27619, 0, 171, 171, 26),
    (@GUID+16, 10, 47767, @WORLD, 122, 3839.183, -858.5887, -1597.677, 1.046048, 0, 0, 27619, 0, 171, 171, 3),
    (@GUID+17, 10, 47767, @WORLD, 2554, 3920.394, -842.8383, -1722.067, 2.451759, 0, 0, 27619, 0, 171, 171, 20);
-- --------------------------------------
-- Galactic Shopper
-- --------------------------------------
SET @GUID = (SELECT IFNULL(MAX(`id`), 0) FROM `entity`);
INSERT INTO `entity` (`Id`, `Type`, `Creature`, `World`, `Area`, `X`, `Y`, `Z`, `RX`, `RY`, `RZ`, `DisplayInfo`, `OutfitInfo`, `Faction1`, `Faction2`, `QuestChecklistIdx`) VALUES
    (@GUID+1, 10, 47768, @WORLD, 2545, 3782.632, -839.3643, -1956.173, 1.042184, 0, 0, 27620, 0, 171, 171, 23),
    (@GUID+2, 10, 47768, @WORLD, 2554, 3900.82, -842.8295, -1912.099, 0.6694418, 0, 0, 27620, 0, 171, 171, 8),
    (@GUID+3, 10, 47768, @WORLD, 2554, 3945.879, -842.8383, -1895.247, -1.278836, 0, 0, 27620, 0, 171, 171, 4),
    (@GUID+4, 10, 47768, @WORLD, 2554, 3947.895, -842.8383, -1897.351, 2.896825, 0, 0, 27620, 0, 171, 171, 6),
    (@GUID+5, 10, 47768, @WORLD, 122, 4183.08, -800.7119, -1843.775, -0.7551184, 0, 0, 27620, 0, 171, 171, 16),
    (@GUID+6, 10, 47768, @WORLD, 122, 4183.528, -800.7883, -1847.223, -2.762579, 0, 0, 27620, 0, 171, 171, 17),
    (@GUID+7, 10, 47768, @WORLD, 2554, 3957.231, -842.8383, -1802.366, -0.3270305, 0, 0, 27620, 0, 171, 171, 26),
    (@GUID+8, 10, 47768, @WORLD, 2554, 3839.272, -842.8383, -1741.384, 1.084973, 0, 0, 27620, 0, 171, 171, 7),
    (@GUID+9, 10, 47768, @WORLD, 2554, 3899.909, -842.8383, -1753.364, -0.09827724, 0, 0, 27620, 0, 171, 171, 9),
    (@GUID+10, 10, 47768, @WORLD, 2554, 3865.452, -842.8383, -1765.003, 0.7646973, 0, 0, 27620, 0, 171, 171, 27),
    (@GUID+11, 10, 47768, @WORLD, 2554, 3949.225, -842.2581, -1748.254, -1.983215, 0, 0, 27620, 0, 171, 171, 10),
    (@GUID+12, 10, 47768, @WORLD, 2554, 3950.677, -842.5976, -1746.602, 1.261375, 0, 0, 27620, 0, 171, 171, 11),
    (@GUID+13, 10, 47768, @WORLD, 3015, 4078.365, -817.5385, -1639.062, 2.141417, 0, 0, 27620, 0, 171, 171, 3);
-- --------------------------------------
-- Galactic Shopper
-- --------------------------------------
SET @GUID = (SELECT IFNULL(MAX(`id`), 0) FROM `entity`);
INSERT INTO `entity` (`Id`, `Type`, `Creature`, `World`, `Area`, `X`, `Y`, `Z`, `RX`, `RY`, `RZ`, `DisplayInfo`, `OutfitInfo`, `Faction1`, `Faction2`, `QuestChecklistIdx`) VALUES
    (@GUID+1, 10, 47769, @WORLD, 2545, 3724.668, -842.9984, -1976.913, 0.6298248, 0, 0, 28577, 0, 171, 171, 14),
    (@GUID+2, 10, 47769, @WORLD, 122, 3825.512, -842.8383, -1968.003, 0.1860535, 0, 0, 21338, 0, 171, 171, 22),
    (@GUID+3, 10, 47769, @WORLD, 2554, 3868.64, -842.8383, -1914.563, 0.4361929, 0, 0, 28575, 0, 171, 171, 10),
    (@GUID+4, 10, 47769, @WORLD, 2547, 4171.678, -800.7119, -1863.838, -0.2123738, 0, 0, 28575, 0, 171, 171, 15),
    (@GUID+5, 10, 47769, @WORLD, 2554, 3953.068, -842.6766, -1833.267, 2.326746, 0, 0, 28575, 0, 171, 171, 24),
    (@GUID+6, 10, 47769, @WORLD, 2554, 3924.708, -842.8383, -1842.623, -0.1705727, 0, 0, 28578, 0, 171, 171, 8),
    (@GUID+7, 10, 47769, @WORLD, 2554, 3909.913, -842.8383, -1846.836, -2.232928, 0, 0, 28575, 0, 171, 171, 6),
    (@GUID+8, 10, 47769, @WORLD, 2554, 3908.461, -842.8383, -1825.067, 1.759294, 0, 0, 28577, 0, 171, 171, 11),
    (@GUID+9, 10, 47769, @WORLD, 2545, 3706.334, -842.3649, -1842.92, 1.049122, 0, 0, 28578, 0, 171, 171, 11),
    (@GUID+10, 10, 47769, @WORLD, 122, 3807.506, -829.0964, -1773.713, 2.184484, 0, 0, 28578, 0, 171, 171, 3),
    (@GUID+11, 10, 47769, @WORLD, 2554, 3894.131, -842.8383, -1765.16, 0.7267171, 0, 0, 28577, 0, 171, 171, 6),
    (@GUID+12, 10, 47769, @WORLD, 2554, 3881.2, -858.5887, -1683.149, -2.155423, 0, 0, 21338, 0, 171, 171, 21),
    (@GUID+13, 10, 47769, @WORLD, 2554, 3861.447, -842.8383, -1780.518, -0.3368161, 0, 0, 28575, 0, 171, 171, 25),
    (@GUID+14, 10, 47769, @WORLD, 2554, 3900.292, -842.8383, -1784.429, -2.733968, 0, 0, 28578, 0, 171, 171, 0),
    (@GUID+15, 10, 47769, @WORLD, 122, 3895.89, -851.515, -1555.008, 2.630775, 0, 0, 28575, 0, 171, 171, 5),
    (@GUID+16, 10, 47769, @WORLD, 2554, 3954.327, -842.8333, -1779.669, -0.6555038, 0, 0, 28575, 0, 171, 171, 16),
    (@GUID+17, 10, 47769, @WORLD, 2554, 3948.506, -841.584, -1758.702, -1.093249, 0, 0, 28575, 0, 171, 171, 14),
    (@GUID+18, 10, 47769, @WORLD, 2554, 3920.598, -842.8383, -1718.434, 0.5692112, 0, 0, 28577, 0, 171, 171, 18),
    (@GUID+19, 10, 47769, @WORLD, 2554, 3956.461, -842.8383, -1783.535, 1.911812, 0, 0, 28578, 0, 171, 171, 5),
    (@GUID+20, 10, 47769, @WORLD, 3015, 4052.711, -821.6116, -1668.571, 2.217783, 0, 0, 28577, 0, 171, 171, 2),
    (@GUID+21, 10, 47769, @WORLD, 3015, 3947.958, -858.5887, -1579.894, -1.36761, 0, 0, 28575, 0, 171, 171, 1);
-- --------------------------------------
-- Galactic Shopper
-- --------------------------------------
SET @GUID = (SELECT IFNULL(MAX(`id`), 0) FROM `entity`);
INSERT INTO `entity` (`Id`, `Type`, `Creature`, `World`, `Area`, `X`, `Y`, `Z`, `RX`, `RY`, `RZ`, `DisplayInfo`, `OutfitInfo`, `Faction1`, `Faction2`, `QuestChecklistIdx`) VALUES
    (@GUID+1, 10, 47770, @WORLD, 122, 3857.661, -842.8001, -1938.781, -1.07665, 0, 0, 21328, 0, 171, 171, 14),
    (@GUID+2, 10, 47770, @WORLD, 122, 3845.884, -842.8383, -1967.529, -0.6065928, 0, 0, 23466, 0, 171, 171, 21),
    (@GUID+3, 10, 47770, @WORLD, 122, 3840.755, -842.8383, -1970.597, -0.5156442, 0, 0, 21328, 0, 171, 171, 24),
    (@GUID+4, 10, 47770, @WORLD, 122, 3838.996, -842.8383, -1863.748, 0.8220209, 0, 0, 23475, 0, 171, 171, 28),
    (@GUID+5, 10, 47770, @WORLD, 122, 4006.024, -842.8383, -1764.811, -0.9648532, 0, 0, 21328, 0, 171, 171, 8),
    (@GUID+6, 10, 47770, @WORLD, 122, 4009.21, -842.8383, -1765.127, 1.120706, 0, 0, 21324, 0, 171, 171, 7),
    (@GUID+7, 10, 47770, @WORLD, 2554, 3940.401, -842.8383, -1809.734, 2.35735, 0, 0, 23465, 0, 171, 171, 18),
    (@GUID+8, 10, 47770, @WORLD, 2554, 3949.998, -842.8383, -1831.311, -0.9354203, 0, 0, 23465, 0, 171, 171, 2),
    (@GUID+9, 10, 47770, @WORLD, 2554, 3848.45, -842.8383, -1807.793, 1.603937, 0, 0, 23466, 0, 171, 171, 2),
    (@GUID+10, 10, 47770, @WORLD, 122, 3745.799, -842.6887, -1692.514, 1.740191, 0, 0, 21324, 0, 171, 171, 5),
    (@GUID+11, 10, 47770, @WORLD, 2554, 3883.021, -858.5887, -1679.685, 0.197539, 0, 0, 21328, 0, 171, 171, 23),
    (@GUID+12, 10, 47770, @WORLD, 2554, 3917.374, -842.7318, -1720.298, -1.379707, 0, 0, 23466, 0, 171, 171, 19),
    (@GUID+13, 10, 47770, @WORLD, 2554, 3958.7, -842.8383, -1710.605, 3.058115, 0, 0, 23465, 0, 171, 171, 26),
    (@GUID+14, 10, 47770, @WORLD, 2554, 3935.034, -842.8383, -1789.566, -0.1275386, 0, 0, 21324, 0, 171, 171, 3),
    (@GUID+15, 10, 47770, @WORLD, 122, 4012.441, -822.5006, -1702.293, -2.117832, 0, 0, 23465, 0, 171, 171, 8),
    (@GUID+16, 10, 47770, @WORLD, 2554, 3932.596, -858.4637, -1656.421, -1.431819, 0, 0, 23466, 0, 171, 171, 28),
    (@GUID+17, 10, 47770, @WORLD, 3015, 4051.46, -821.6116, -1666.13, 0.01895003, 0, 0, 23465, 0, 171, 171, 0),
    (@GUID+18, 10, 47770, @WORLD, 3015, 3953.278, -858.5887, -1578.688, 0.9034618, 0, 0, 23475, 0, 171, 171, 0);
-- --------------------------------------
-- Galactic Browser
-- --------------------------------------
SET @GUID = (SELECT IFNULL(MAX(`id`), 0) FROM `entity`);
INSERT INTO `entity` (`Id`, `Type`, `Creature`, `World`, `Area`, `X`, `Y`, `Z`, `RX`, `RY`, `RZ`, `DisplayInfo`, `OutfitInfo`, `Faction1`, `Faction2`, `QuestChecklistIdx`) VALUES
    (@GUID+1, 10, 47784, @WORLD, 122, 3860.921, -842.7133, -1939.312, 1.260551, 0, 0, 21337, 0, 171, 171, 12),
    (@GUID+2, 10, 47784, @WORLD, 122, 3834.712, -842.8383, -1910.017, -1.225991, 0, 0, 21337, 0, 171, 171, 22),
    (@GUID+3, 10, 47784, @WORLD, 2554, 3948.825, -842.8383, -1894.221, 0.5232089, 0, 0, 21337, 0, 171, 171, 5),
    (@GUID+4, 10, 47784, @WORLD, 122, 4092.643, -817.7602, -1803.761, -0.9458483, 0, 0, 21337, 0, 171, 171, 21),
    (@GUID+5, 10, 47784, @WORLD, 122, 4048.841, -819.1743, -1744.247, 2.813302, 0, 0, 21337, 0, 171, 171, 28),
    (@GUID+6, 10, 47784, @WORLD, 2554, 3946.788, -842.8383, -1855.218, -0.05628209, 0, 0, 21337, 0, 171, 171, 2),
    (@GUID+7, 10, 47784, @WORLD, 2554, 3933.5, -842.8383, -1853.154, 0.267769, 0, 0, 21337, 0, 171, 171, 0),
    (@GUID+8, 10, 47784, @WORLD, 2554, 3845.668, -842.8383, -1807.738, -1.644832, 0, 0, 21337, 0, 171, 171, 1),
    (@GUID+9, 10, 47784, @WORLD, 122, 3804.361, -829.0964, -1772.959, -1.843502, 0, 0, 21337, 0, 171, 171, 5),
    (@GUID+10, 10, 47784, @WORLD, 2554, 3899.235, -842.8383, -1757.678, -2.641465, 0, 0, 21337, 0, 171, 171, 7),
    (@GUID+11, 10, 47784, @WORLD, 2554, 3864.897, -842.7316, -1714.396, 0.556753, 0, 0, 21337, 0, 171, 171, 14),
    (@GUID+12, 10, 47784, @WORLD, 2554, 3864.658, -858.5887, -1658.516, -0.2650558, 0, 0, 21337, 0, 171, 171, 0),
    (@GUID+13, 10, 47784, @WORLD, 2554, 3862.878, -842.542, -1708.219, 1.447203, 0, 0, 21337, 0, 171, 171, 2),
    (@GUID+14, 10, 47784, @WORLD, 2554, 3962.073, -841.3492, -1734.143, 1.763608, 0, 0, 21337, 0, 171, 171, 2),
    (@GUID+15, 10, 47784, @WORLD, 2554, 3958.582, -841.5838, -1734.256, -1.964109, 0, 0, 21337, 0, 171, 171, 1),
    (@GUID+16, 10, 47784, 51, 137, 3868.278, -880.9644, -1426.795, -2.663312, 0, 0, 21337, 0, 171, 171, 23);
-- --------------------------------------
-- Galactic Browser
-- --------------------------------------
SET @GUID = (SELECT IFNULL(MAX(`id`), 0) FROM `entity`);
INSERT INTO `entity` (`Id`, `Type`, `Creature`, `World`, `Area`, `X`, `Y`, `Z`, `RX`, `RY`, `RZ`, `DisplayInfo`, `OutfitInfo`, `Faction1`, `Faction2`, `QuestChecklistIdx`) VALUES
(@GUID+1,  10, 47785, @WORLD, 122, 3826.788, -842.8383, -1902.49, -2.707665, 0, 0, 21349, 0, 171, 171, 21),
(@GUID+2,  10, 47785, @WORLD, 2554, 3897.526, -842.8383, -1912.302, -0.9510222, 0, 0, 21349, 0, 171, 171, 7),
(@GUID+3,  10, 47785, @WORLD, 2554, 3886.991, -842.8383, -1857.797, -3.141593, 0, 0, 21349, 0, 171, 171, 20),
(@GUID+4,  10, 47785, @WORLD, 2554, 4030.488, -828.8378, -1907.947, 1.596638, 0, 0, 21349, 0, 171, 171, 10),
(@GUID+5,  10, 47785, @WORLD, 122, 4186.248, -800.7119, -1845.043, 1.705915, 0, 0, 21349, 0, 171, 171, 18),
(@GUID+6,  10, 47785, @WORLD, 122, 4071.98, -816.6871, -1800.159, 1.949564, 0, 0, 21349, 0, 171, 171, 24),
(@GUID+7,  10, 47785, @WORLD, 2554, 3924.903, -842.8383, -1845.042, -3.141593, 0, 0, 21349, 0, 171, 171, 7),
(@GUID+8,  10, 47785, @WORLD, 2554, 3835.269, -842.8383, -1740.778, -0.9185821, 0, 0, 21349, 0, 171, 171, 8),
(@GUID+9,  10, 47785, @WORLD, 2554, 3918.404, -842.8383, -1791.953, -0.4338126, 0, 0, 21349, 0, 171, 171, 1),
(@GUID+10, 10, 47785, 51, 137, 3813.502, -864.7491, -1477.299, 0.09761327, 0, 0, 21349, 0, 171, 171, 25),
(@GUID+11, 10, 47785, 51, 137, 3916.626, -879.0852, -1412.858, -0.7194294, 0, 0, 21349, 0, 171, 171, 21);
-- --------------------------------------
-- Galactic Browser
-- --------------------------------------
SET @GUID = (SELECT IFNULL(MAX(`id`), 0) FROM `entity`);
INSERT INTO `entity` (`Id`, `Type`, `Creature`, `World`, `Area`, `X`, `Y`, `Z`, `RX`, `RY`, `RZ`, `DisplayInfo`, `OutfitInfo`, `Faction1`, `Faction2`, `QuestChecklistIdx`) VALUES
(@GUID+1,  10, 47786, @WORLD, 122, 3831.027, -842.8207, -1968.568, -3.141593, 0, 0, 21349, 0, 171, 171, 28),
(@GUID+2,  10, 47786, @WORLD, 122, 3834.34, -842.8383, -1972.23, -2.186528, 0, 0, 21349, 0, 171, 171, 25),
(@GUID+3,  10, 47786, @WORLD, 2554, 3899.567, -842.6846, -1914.855, -3.141593, 0, 0, 21349, 0, 171, 171, 9),
(@GUID+4,  10, 47786, @WORLD, 122, 4069.239, -816.5009, -1797.338, -0.1992224, 0, 0, 21349, 0, 171, 171, 23),
(@GUID+5,  10, 47786, @WORLD, 122, 4048.879, -819.8715, -1741.244, 0.441662, 0, 0, 21349, 0, 171, 171, 26),
(@GUID+6,  10, 47786, @WORLD, 2554, 3939.43, -842.8383, -1843.142, -3.141593, 0, 0, 21349, 0, 171, 171, 10),
(@GUID+7,  10, 47786, @WORLD, 122, 3806.432, -829.0964, -1770.633, 0.3796259, 0, 0, 21349, 0, 171, 171, 4),
(@GUID+8,  10, 47786, @WORLD, 2554, 3889.696, -842.8383, -1757.215, 0.9070287, 0, 0, 21349, 0, 171, 171, 3),
(@GUID+9,  10, 47786, @WORLD, 2554, 3901.862, -842.8383, -1755.585, 2.15539, 0, 0, 21349, 0, 171, 171, 8),
(@GUID+10, 10, 47786, @WORLD, 2554, 3840.324, -842.8383, -1712.162, -2.683404, 0, 0, 21349, 0, 171, 171, 12),
(@GUID+11, 10, 47786, @WORLD, 2554, 3860.457, -842.6084, -1708.607, -1.570714, 0, 0, 21349, 0, 171, 171, 3),
(@GUID+12, 10, 47786, @WORLD, 2554, 3955.729, -842.8383, -1780.56, 2.48585, 0, 0, 21349, 0, 171, 171, 17),
(@GUID+13, 10, 47786, 51, 137, 3810.855, -864.8216, -1480.554, -1.9283, 0, 0, 21349, 0, 171, 171, 26),
(@GUID+14, 10, 47786, 51, 137, 3838.496, -864.3841, -1519.516, -2.327205, 0, 0, 21349, 0, 171, 171, 16),
(@GUID+15, 10, 47786, 51, 137, 3919.07, -879.3953, -1448.255, 2.513528, 0, 0, 21349, 0, 171, 171, 13);
-- --------------------------------------
-- Galactic Browser
-- --------------------------------------
SET @GUID = (SELECT IFNULL(MAX(`id`), 0) FROM `entity`);
INSERT INTO `entity` (`Id`, `Type`, `Creature`, `World`, `Area`, `X`, `Y`, `Z`, `RX`, `RY`, `RZ`, `DisplayInfo`, `OutfitInfo`, `Faction1`, `Faction2`, `QuestChecklistIdx`) VALUES
(@GUID+1,  10, 47787, @WORLD, 122, 3843.395, -842.8383, -1963.285, -3.141593, 0, 0, 21339, 0, 171, 171, 23),
(@GUID+2,  10, 47787, @WORLD, 122, 4095.349, -817.7905, -1806.195, 2.438924, 0, 0, 21339, 0, 171, 171, 22),
(@GUID+3,  10, 47787, @WORLD, 2554, 3978.395, -842.8383, -1853.331, -2.653952, 0, 0, 21339, 0, 171, 171, 0),
(@GUID+4,  10, 47787, @WORLD, 2554, 3942.136, -842.8383, -1802.426, -0.2748741, 0, 0, 21339, 0, 171, 171, 21),
(@GUID+5,  10, 47787, @WORLD, 2554, 3906.104, -842.8383, -1826.018, -2.22191, 0, 0, 21339, 0, 171, 171, 12),
(@GUID+6,  10, 47787, @WORLD, 2554, 3932.149, -842.8383, -1838.6, -3.141593, 0, 0, 21339, 0, 171, 171, 4),
(@GUID+7,  10, 47787, @WORLD, 2554, 3919.558, -842.8383, -1794.58, 2.926591, 0, 0, 21339, 0, 171, 171, 2),
(@GUID+8,  10, 47787, @WORLD, 2554, 3886.991, -842.8383, -1855.091, 0.06097333, 0, 0, 21339, 0, 171, 171, 21),
(@GUID+9,  10, 47787, @WORLD, 122, 3823.974, -842.0883, -1837.339, -0.6038788, 0, 0, 21339, 0, 171, 171, 29),
(@GUID+10, 10, 47787, @WORLD, 122, 3825.754, -842.293, -1839.701, 2.599203, 0, 0, 21339, 0, 171, 171, 0),
(@GUID+11, 10, 47787, @WORLD, 2545, 3702.621, -842.8079, -1842.757, -0.9589424, 0, 0, 21339, 0, 171, 171, 10),
(@GUID+12, 10, 47787, @WORLD, 122, 3752.97, -842.554, -1672.204, 0.1345519, 0, 0, 21339, 0, 171, 171, 8),
(@GUID+13, 10, 47787, @WORLD, 122, 3837.023, -858.5887, -1601.504, -3.141593, 0, 0, 21339, 0, 171, 171, 2),
(@GUID+14, 10, 47787, @WORLD, 2554, 3935.304, -858.4637, -1658.514, 2.659584, 0, 0, 21339, 0, 171, 171, 26),
(@GUID+15, 10, 47787, 51, 137, 3839.982, -864.7913, -1515.248, -0.08475818, 0, 0, 21339, 0, 171, 171, 18),
(@GUID+16, 10, 47787, 51, 137, 3918.568, -879.0894, -1417.589, -3.141593, 0, 0, 21339, 0, 171, 171, 19);
-- --------------------------------------
-- Store items
-- --------------------------------------
REPLACE INTO `store_offer_group` (`id`, `displayFlags`, `name`, `description`, `displayInfoOverride`, `visible`) VALUES
(1839, 8, 'Papa Phineas Costume', 'Show your dedication to consumerism with this official Papa Phineas replica costume. These items can be imported into the Holo-Wardrobe for all characters on your account.', 0, 1),
(1841, 8, 'Sky Remodel - Winterfest Snowfall ', 'A light snowfall is just the thing to make your housing plot feel festive. This purchase can only be claimed by a single character.', 0, 1),
(1899, 8, 'Orbitron (Snow-Sphere) ', 'Fulfill your not-at-all-weird dream of traveling in a sno-globe with this exceedingly impractical vehicle.', 0, 1),
(2074, 8, 'Décor Pack - Merry  Merchandise', 'Don\'t forget the true reason for the season - Papa Phineas. Show him your appreciation with this lovely collection. This décor pack includes one of all décor items shown below and can only be claimed by a single character.', 323, 1),
(2076, 8, 'Protostar Holiday White Dye', 'A snowy white dye. This purchase is a multi-redeem item which can be claimed for all characters on your account.', 0, 1),
(2077, 8, 'Protostar Holiday Red Dye', 'A festive red dye. This purchase is a multi-redeem item which can be claimed for all characters on your account.', 0, 1),
(2091, 8, 'Protostar Mini-House FABkit', 'This FABkit produces a cozy yet spacious Winterfest home, just the right size to hold all your fabulous gifts. This item allows multiple houses on your plot and you can continue your holiday decorations in the house interior. Once claimed, use this item in the Landscape menu of your housing lot. This purchase is for a single character only.', 0, 1),
(2968, 8, 'Decor Pack - Cozy Decorations', 'It\'s time to get ready for the holidays! Hang stockings, trim a tree shelf, and cuddle up by a nice warm fire. This décor pack includes all of the décor items shown below and can only be claimed by a single character.', 0, 1),
(2969, 8, 'Decor Pack - Bountiful Branding', 'The Bountiful Branding décor pack contains a collection of exquisitely crafted, Protostar branded merchandise... for money! This décor pack includes all of the décor items shown below and can only be claimed by a single character.', 318, 1),
(2970, 8, 'Decor Pack - Jolly Holiday', 'Get your yard ready for a jolly holiday season! This décor pack includes all of the décor items shown below and can only be claimed by a single character.', 322, 1),
(2971, 8, 'Decor Pack - Winter Wonderland', 'The Winter Wonderland décor pack contains everything you need to create a glacial paradise. This décor pack includes all of the décor items shown below and can only be claimed by a single character.', 0, 1),
(2972, 8, 'Decor Pack - Seasonal Advertising', 'What\'s the point of having a holiday without tasteful and seasonally appropriate advertisements? This décor pack includes all of the décor items shown below and can only be claimed by a single character.', 324, 1),
(2985, 0, 'Tacky Winterfest Sweater', 'A tacky Winterfest sweater. This item can be imported into the Holo-Wardrobe for all characters on your account.', 0, 1),
(3312, 1, 'Ho Ho Ho Mobile (Green)', 'One part reindeer, one part sleigh, the Ho Ho Ho Mobile (Green)  is perfect for those who wish to spread holiday cheer. ', 0, 1),
(3315, 1, 'Ho Ho Ho Mobile (Blue)', 'The blue variant of the infamous holiday mount, the Ho Ho Ho Mobile (Blue) provides a calm yet festive ride. ', 0, 1),
(3318, 1, 'Ho Ho Ho Mobile (Gold)', 'All that is gold does not glitter. But the Ho Ho Ho Mobile (Gold) sure does. It glitters in spades. Warning: Drool may be present. ', 0, 1),
(3327, 1, 'Sky Remodel: Cotton Candy', 'The Cotton Candy sky is a pink glittering accoutrement for those who want to add a more dreamlike feel to their housing plot. This purchase can only be claimed by a single character. ', 0, 1),
(3328, 1, 'Model Gingerbread House FABkit', 'Produces a Gingerbread House suited for sweet housing plots, that allows an additional structure on your plot that can be decorated outside. Once claimed, use this item to permanently unlock the Model Gingerbread House option in the Landscape menu of your housing plot. This purchase is for a single character only. ', 0, 1),
(3329, 1, 'Gingerbread Trim Decor Pack', 'Trim your Gingerbread buildings with the contents of this sweet, sweet décor pack. This decor pack includes all of the decor items shown below and can only be claimed by a single character. ', 0, 1),
(3330, 1, 'Gingerbread Construction Decor Pack', 'Build your own gingerbread housing with the Gingerbread Construction décor pack. This decor pack includes all of the decor items shown below and can only be claimed by a single character. ', 0, 1),
(3332, 1, 'Cheer Gear Costume', 'Get ready for the retail rush that accompanies the holidays with the Cheer Gear costume. These items can be imported into the Holo-Wardrobe for all characters on your account. ', 0, 1);
REPLACE INTO `store_offer_group_category` (`id`, `categoryId`, `index`, `visible`) VALUES
(1839, 28, 44, 1),
(1839, 132, 16, 1),
(1841, 79, 66, 1),
(1841, 81, 14, 1),
(1841, 132, 19, 1),
(1899, 31, 92, 1),
(1899, 33, 49, 1),
(1899, 132, 15, 1),
(2074, 79, 32, 1),
(2074, 80, 79, 1),
(2074, 132, 134, 1),
(2076, 27, 96, 1),
(2076, 39, 55, 1),
(2076, 132, 21, 1),
(2077, 27, 95, 1),
(2077, 39, 54, 1),
(2077, 132, 20, 1),
(2091, 76, 10, 1),
(2091, 79, 63, 1),
(2091, 82, 6, 1),
(2091, 132, 18, 1),
(2968, 79, 6, 1),
(2968, 80, 8, 1),
(2968, 132, 26, 1),
(2969, 79, 5, 1),
(2969, 80, 7, 1),
(2969, 132, 25, 1),
(2970, 79, 7, 1),
(2970, 80, 6, 1),
(2970, 132, 23, 1),
(2971, 79, 9, 1),
(2971, 80, 5, 1),
(2971, 132, 24, 1),
(2972, 79, 8, 1),
(2972, 80, 4, 1),
(2972, 132, 22, 1),
(2985, 27, 25, 1),
(2985, 215, 2, 1),
(3312, 31, 1, 1),
(3312, 33, 1, 1),
(3312, 132, 30, 1),
(3315, 31, 1, 1),
(3315, 33, 2, 1),
(3315, 132, 28, 1),
(3318, 31, 1, 1),
(3318, 33, 3, 1),
(3318, 132, 27, 1),
(3327, 79, 1, 1),
(3327, 81, 1, 1),
(3327, 132, 39, 1),
(3328, 79, 1, 1),
(3328, 82, 1, 1),
(3328, 132, 36, 1),
(3329, 79, 1, 1),
(3329, 80, 1, 1),
(3329, 132, 37, 1),
(3330, 79, 1, 1),
(3330, 80, 1, 1),
(3330, 132, 38, 1),
(3332, 27, 1, 1),
(3332, 28, 1, 1),
(3332, 132, 17, 1);
REPLACE INTO `store_offer_item` (`id`, `groupId`, `name`, `description`, `displayFlags`, `field_6`, `field_7`, `visible`) VALUES
(1839, 1839, 'Papa Phineas Costume', 'Show your dedication to consumerism with this official Papa Phineas replica costume. These items can be imported into the Holo-Wardrobe for all characters on your account.', 8, -1016071787, 0, 1),
(1841, 1841, 'Sky Remodel - Winterfest Snowfall ', 'A light snowfall is just the thing to make your housing plot feel festive. This purchase can only be claimed by a single character.', 8, -1016071787, 0, 1),
(2074, 2074, 'Décor Pack - Merry  Merchandise', 'Don\'t forget the true reason for the season - Papa Phineas. Show him your appreciation with this lovely collection. This décor pack includes one of all décor items shown below and can only be claimed by a single character.', 8, -1016071787, 0, 1),
(2076, 2076, 'Protostar Holiday White Dye', 'A snowy white dye. This purchase is a multi-redeem item which can be claimed for all characters on your account.', 8, -1016071787, 0, 1),
(2077, 2077, 'Protostar Holiday Red Dye', 'A festive red dye. This purchase is a multi-redeem item which can be claimed for all characters on your account.', 8, -1016071787, 0, 1),
(2091, 2091, 'Protostar Mini-House FABkit', 'This FABkit produces a cozy yet spacious Winterfest home, just the right size to hold all your fabulous gifts. This item allows multiple houses on your plot and you can continue your holiday decorations in the house interior. Once claimed, use this item in the Landscape menu of your housing lot. This purchase is for a single character only.', 8, -1016071787, 0, 1),
(2968, 2968, 'Decor Pack - Cozy Decorations', 'It\'s time to get ready for the holidays! Hang stockings, trim a tree shelf, and cuddle up by a nice warm fire. This décor pack includes all of the décor items shown below and can only be claimed by a single character.', 8, -1016071787, 0, 1),
(2969, 2969, 'Decor Pack - Bountiful Branding', 'The Bountiful Branding décor pack contains a collection of exquisitely crafted, Protostar branded merchandise... for money! This décor pack includes all of the décor items shown below and can only be claimed by a single character.', 8, -1016071787, 0, 1),
(2970, 2970, 'Decor Pack - Jolly Holiday', 'Get your yard ready for a jolly holiday season! This décor pack includes all of the décor items shown below and can only be claimed by a single character.', 8, -1016071787, 0, 1),
(2971, 2971, 'Decor Pack - Winter Wonderland', 'The Winter Wonderland décor pack contains everything you need to create a glacial paradise. This décor pack includes all of the décor items shown below and can only be claimed by a single character.', 8, -1016071787, 0, 1),
(2972, 2972, 'Decor Pack - Seasonal Advertising', 'What\'s the point of having a holiday without tasteful and seasonally appropriate advertisements? This décor pack includes all of the décor items shown below and can only be claimed by a single character.', 8, -1016071787, 0, 1),
(2985, 2985, 'Tacky Winterfest Sweater', 'A tacky Winterfest sweater. This item can be imported into the Holo-Wardrobe for all characters on your account.', 0, -1016071787, 0, 1),
(3313, 3312, 'Ho Ho Ho Mobile (Green)', ' One part reindeer, one part sleigh, the Ho Ho Ho Mobile (Green)  is perfect for those who wish to spread holiday cheer. This purchase can only be applied to a single character. ', 1, -1016071787, 0, 1),
(3314, 3312, 'Ho Ho Ho Mobile (Green) (Account) ', 'One part reindeer, one part sleigh, the Ho Ho Ho Mobile (Green)  is perfect for those who wish to spread holiday cheer. This purchase is a multi-redeem item which can be claimed for all characters on your account. ', 1, -1016071787, 0, 1),
(3316, 3315, 'Ho Ho Ho Mobile (Blue)', 'The blue variant of the infamous holiday mount, the Ho Ho Ho Mobile (Blue) provides a calm yet festive ride.  This purchase can only be applied to a single character. ', 1, -1016071787, 0, 1),
(3317, 3315, 'Ho Ho Ho Mobile (Blue) (Account)', 'The blue variant of the infamous holiday mount, the Ho Ho Ho Mobile (Blue) provides a calm yet festive ride. This purchase is a multi-redeem item which can be claimed for all characters on your account. ', 1, -1016071787, 0, 1),
(3319, 3318, 'Ho Ho Ho Mobile (Gold)', 'All that is gold does not glitter. But the Ho Ho Ho Mobile (Gold) sure does. It glitters in spades. Warning: Drool may be present. This purchase can only be applied to a single character. ', 1, -1016071787, 0, 1),
(3320, 3318, 'Ho Ho Ho Mobile (Gold) (Account)', 'All that is gold does not glitter. But the Ho Ho Ho Mobile (Gold) sure does. It glitters in spades. Warning: Drool may be present. This purchase is a multi-redeem item which can be claimed for all characters on your account. ', 1, -1016071787, 0, 1),
(3327, 3327, 'Sky Remodel: Cotton Candy', 'The Cotton Candy sky is a pink glittering accoutrement for those who want to add a more dreamlike feel to their housing plot. This purchase can only be claimed by a single character. ', 1, -1016071787, 0, 1),
(3328, 3328, 'Model Gingerbread House FABkit', 'Produces a Gingerbread House suited for sweet housing plots, that allows an additional structure on your plot that can be decorated outside. Once claimed, use this item to permanently unlock the Model Gingerbread House option in the Landscape menu of your housing plot. This purchase is for a single character only. ', 1, -1016071787, 0, 1),
(3329, 3329, 'Gingerbread Trim Decor Pack', 'Trim your Gingerbread buildings with the contents of this sweet, sweet décor pack. This decor pack includes all of the decor items shown below and can only be claimed by a single character. ', 1, -1016071787, 0, 1),
(3330, 3330, 'Gingerbread Construction Decor Pack', 'Build your own gingerbread housing with the Gingerbread Construction décor pack. This decor pack includes all of the decor items shown below and can only be claimed by a single character. ', 1, -1016071787, 0, 1),
(3332, 3332, 'Cheer Gear Costume', 'Get ready for the retail rush that accompanies the holidays with the Cheer Gear costume. These items can be imported into the Holo-Wardrobe for all characters on your account. ', 1, -1016071787, 0, 1);
REPLACE INTO `store_offer_item_data` (`id`, `itemId`, `type`, `amount`) VALUES
(1839, 642, 0, 1),
(1839, 643, 0, 1),
(1839, 644, 0, 1),
(1839, 645, 0, 1),
(1839, 646, 0, 1),
(1841, 638, 0, 1),
(2074, 691, 0, 1),
(2074, 707, 0, 1),
(2074, 708, 0, 1),
(2074, 711, 0, 1),
(2074, 712, 0, 1),
(2074, 715, 0, 1),
(2074, 716, 0, 1),
(2074, 718, 0, 1),
(2076, 660, 0, 1),
(2077, 661, 0, 1),
(2091, 639, 0, 1),
(2968, 676, 0, 3),
(2968, 677, 0, 10),
(2968, 678, 0, 5),	
(2968, 690, 0, 1),
(2968, 691, 0, 1),
(2968, 696, 0, 2),
(2968, 697, 0, 2),
(2968, 705, 0, 5),
(2968, 709, 0, 1),
(2968, 714, 0, 1),
(2969, 682, 0, 5),
(2969, 684, 0, 5),
(2969, 707, 0, 2),
(2969, 708, 0, 1),
(2969, 711, 0, 1),
(2969, 712, 0, 1),
(2969, 715, 0, 1),
(2969, 716, 0, 2),
(2969, 721, 0, 5),
(2969, 722, 0, 5),
(2969, 723, 0, 5),
(2970, 679, 0, 8),
(2970, 680, 0, 1),
(2970, 685, 0, 2),
(2970, 687, 0, 3),
(2970, 688, 0, 2),
(2970, 689, 0, 1),
(2970, 698, 0, 5),
(2970, 699, 0, 2),
(2970, 700, 0, 5),
(2970, 704, 0, 5),
(2970, 706, 0, 8),
(2970, 713, 0, 1),
(2971, 653, 0, 5),
(2971, 655, 0, 5),
(2971, 656, 0, 5),
(2971, 657, 0, 5),
(2971, 658, 0, 5),
(2971, 659, 0, 1),
(2971, 669, 0, 10),
(2971, 670, 0, 5),
(2971, 671, 0, 8),
(2971, 672, 0, 1),
(2971, 673, 0, 3),
(2971, 674, 0, 5),
(2972, 686, 0, 1),
(2972, 692, 0, 5),
(2972, 693, 0, 2),
(2972, 694, 0, 2),
(2972, 702, 0, 2),
(2972, 703, 0, 2),
(2972, 710, 0, 2),
(2972, 717, 0, 5),
(2972, 718, 0, 5),
(2985, 2674, 0, 1),
(3313, 2736, 0, 1),
(3314, 3262, 0, 1),
(3316, 2737, 0, 1),
(3317, 3261, 0, 1),
(3319, 2738, 0, 1),
(3320, 3260, 0, 1),
(3327, 2733, 0, 1),
(3328, 2769, 0, 1),
(3329, 3304, 0, 4),
(3329, 3305, 0, 2),
(3329, 3306, 0, 2),
(3329, 3307, 0, 2),
(3329, 3308, 0, 2),
(3329, 3309, 0, 4),
(3329, 3310, 0, 4),
(3329, 3311, 0, 4),
(3329, 3312, 0, 4),
(3329, 3313, 0, 4),
(3329, 3314, 0, 4),
(3330, 3294, 0, 4),
(3330, 3295, 0, 4),
(3330, 3296, 0, 2),
(3330, 3297, 0, 4),
(3330, 3298, 0, 2),
(3330, 3299, 0, 2),
(3330, 3300, 0, 2),
(3330, 3301, 0, 2),
(3330, 3302, 0, 4),
(3330, 3303, 0, 4),
(3332, 3269, 0, 1),
(3332, 3270, 0, 1),
(3332, 3271, 0, 1),
(3332, 3272, 0, 1),
(3332, 3273, 0, 1),
(3332, 3274, 0, 1);
REPLACE INTO `store_offer_item_price` (`id`, `currencyId`, `price`, `discountType`, `discountValue`, `field_14`, `expiry`) VALUES
(1839, 6, 595, 0, 0, 1006445149, -1016071787),
(1839, 11, 1190, 0, 0, -235145984, -1016071787),
(1841, 6, 40, 0, 0, 1006445149, -1016071787),
(1841, 11, 80, 0, 0, -235145984, -1016071787),
(2074, 6, 115, 0, 0, 1006445149, -1016071787),
(2074, 11, 230, 0, 0, -235145984, -1016071787),
(2076, 6, 395, 0, 0, 1006445149, -1016071787),
(2076, 11, 790, 0, 0, -235145984, -1016071787),
(2077, 6, 115, 0, 0, 1006445149, -1016071787),
(2077, 11, 230, 0, 0, -235145984, -1016071787),
(2091, 6, 795, 0, 0, 1006445149, -1016071787),
(2091, 11, 1590, 0, 0, -235145984, -1016071787),
(2968, 6, 115, 0, 0, -438357053, -1016071787),
(2968, 11, 230, 0, 0, -438357053, -1016071787),
(2969, 6, 115, 0, 0, -2015923569, -1016071787),
(2969, 11, 230, 0, 0, -1276006941, -1016071787),
(2970, 6, 195, 0, 0, -2015923569, -1016071787),
(2970, 11, 390, 0, 0, -1276006941, -1016071787),
(2971, 6, 115, 0, 0, -2015923569, -1016071787),
(2971, 11, 230, 0, 0, -1276006941, -1016071787),
(2972, 6, 115, 0, 0, -2015923569, -1016071787),
(2972, 11, 230, 0, 0, -1276006941, -1016071787),
(2985, 6, 115, 0, 0, -1814954142, -1016071787),
(2985, 11, 230, 0, 0, -1814954142, -1016071787),
(3313, 6, 395, 0, 0, -1912672562, -1749028660),
(3313, 11, 790, 0, 0, -1912672562, -1749028660),
(3314, 6, 690, 0, 0, -1912672562, -1749028660),
(3314, 11, 1380, 0, 0, -1912672562, -1749028660),
(3316, 6, 395, 0, 0, -1912672562, -1749028660),
(3316, 11, 790, 0, 0, -1912672562, -1749028660),
(3317, 6, 690, 0, 0, -1912672562, -1749028660),
(3317, 11, 1380, 0, 0, -1912672562, -1749028660),
(3319, 6, 395, 0, 0, -1912672562, -1749028660),
(3319, 11, 790, 0, 0, -1912672562, -1749028660),
(3320, 6, 690, 0, 0, -1912672562, -1749028660),
(3320, 11, 1380, 0, 0, -1912672562, -1749028660),
(3327, 6, 75, 0, 0, -1141711319, -1016071787),
(3327, 11, 150, 0, 0, -1276006941, -1016071787),
(3328, 6, 395, 0, 0, -671442181, -1016071787),
(3328, 11, 790, 0, 0, -671442181, -1016071787),
(3329, 6, 115, 0, 0, -1309410612, -1016071787),
(3329, 11, 230, 0, 0, -1309410612, -1016071787),
(3330, 6, 115, 0, 0, -1309410612, -1016071787),
(3330, 11, 230, 0, 0, -1309410612, -1016071787),
(3332, 6, 395, 0, 0, 2046751632, -1016071787),
(3332, 11, 790, 0, 0, 2046751632, -1016071787);